{
  "code" : "200",
  "content" : {
    "province" : [
      {
        "id" : "1000",
        "list" : [
          {
            "id" : "100000",
            "name" : "南京"
          },
          {
            "id" : "10001",
            "name" : "无锡"
          },
          {
            "id" : "10002",
            "name" : "徐州"
          },
          {
            "id" : "10003",
            "name" : "常州"
          },
          {
            "id" : "10004",
            "name" : "苏州"
          },
          {
            "id" : "10005",
            "name" : "南通"
          },
          {
            "id" : "10006",
            "name" : "连云港"
          },
          {
            "id" : "10007",
            "name" : "淮安"
          },
          {
            "id" : "10008",
            "name" : "盐城"
          },
          {
            "id" : "10009",
            "name" : "扬州"
          },
          {
            "id" : "100010",
            "name" : "镇江"
          },
          {
            "id" : "100011",
            "name" : "泰州"
          },
          {
            "id" : "12",
            "name" : "宿迁"
          }
        ],
        "name" : "江苏"
      },
      {
        "id" : "1100",
        "list" : [
          {
            "id" : "110000",
            "name" : "杭州"
          },
          {
            "id" : "110001",
            "name" : "宁波"
          },
          {
            "id" : "110002",
            "name" : "温州"
          },
          {
            "id" : "110003",
            "name" : "嘉兴"
          },
          {
            "id" : "110004",
            "name" : "湖州"
          },
          {
            "id" : "110005",
            "name" : "绍兴"
          },
          {
            "id" : "110006",
            "name" : "金华"
          },
          {
            "id" : "110007",
            "name" : "衢州"
          },
          {
            "id" : "110008",
            "name" : "舟山"
          },
          {
            "id" : "110009",
            "name" : "台州"
          },
          {
            "id" : "110010",
            "name" : "丽水"
          }
        ],
        "name" : "浙江"
      },
      {
        "id" : "1200",
        "list" : [
          {
            "id" : "120000",
            "name" : "合肥"
          },
          {
            "id" : "120001",
            "name" : "芜湖"
          },
          {
            "id" : "120002",
            "name" : "蚌埠"
          },
          {
            "id" : "120003",
            "name" : "淮南"
          },
          {
            "id" : "120004",
            "name" : "马鞍山"
          },
          {
            "id" : "120005",
            "name" : "淮北"
          },
          {
            "id" : "120006",
            "name" : "铜陵"
          },
          {
            "id" : "120007",
            "name" : "安庆"
          },
          {
            "id" : "120008",
            "name" : "黄山"
          },
          {
            "id" : "120009",
            "name" : "滁州"
          },
          {
            "id" : "120010",
            "name" : "阜阳"
          },
          {
            "id" : "120011",
            "name" : "宿州"
          },
          {
            "id" : "120012",
            "name" : "巢湖"
          },
          {
            "id" : "120013",
            "name" : "六安"
          },
          {
            "id" : "120014",
            "name" : "亳州"
          },
          {
            "id" : "120015",
            "name" : "池州"
          },
          {
            "id" : "120016",
            "name" : "宣城"
          }
        ],
        "name" : "安徽"
      },
      {
        "id" : "1300",
        "list" : [
          {
            "id" : "130000",
            "name" : "福州"
          },
          {
            "id" : "130001",
            "name" : "厦门"
          },
          {
            "id" : "130002",
            "name" : "莆田"
          },
          {
            "id" : "130003",
            "name" : "三明"
          },
          {
            "id" : "130004",
            "name" : "泉州"
          },
          {
            "id" : "130005",
            "name" : "漳州"
          },
          {
            "id" : "130006",
            "name" : "南平"
          },
          {
            "id" : "130007",
            "name" : "龙岩"
          },
          {
            "id" : "130008",
            "name" : "宁德"
          }
        ],
        "name" : "福建"
      },
      {
        "id" : "1400",
        "list" : [
          {
            "id" : "140000",
            "name" : "南昌"
          },
          {
            "id" : "140001",
            "name" : "景德镇"
          },
          {
            "id" : "140002",
            "name" : "萍乡"
          },
          {
            "id" : "140003",
            "name" : "九江"
          },
          {
            "id" : "140004",
            "name" : "新余"
          },
          {
            "id" : "140005",
            "name" : "鹰潭"
          },
          {
            "id" : "140006",
            "name" : "赣州"
          },
          {
            "id" : "140007",
            "name" : "吉安"
          },
          {
            "id" : "140008",
            "name" : "宜春"
          },
          {
            "id" : "140009",
            "name" : "抚州"
          },
          {
            "id" : "140010",
            "name" : "上饶"
          }
        ],
        "name" : "江西"
      },
      {
        "id" : "1500",
        "list" : [
          {
            "id" : "150000",
            "name" : "济南"
          },
          {
            "id" : "150001",
            "name" : "青岛"
          },
          {
            "id" : "150002",
            "name" : "淄博"
          },
          {
            "id" : "150003",
            "name" : "枣庄"
          },
          {
            "id" : "150004",
            "name" : "东营"
          },
          {
            "id" : "150005",
            "name" : "烟台"
          },
          {
            "id" : "150006",
            "name" : "潍坊"
          },
          {
            "id" : "150007",
            "name" : "威海"
          },
          {
            "id" : "150008",
            "name" : "济宁"
          },
          {
            "id" : "150009",
            "name" : "泰安"
          },
          {
            "id" : "150010",
            "name" : "日照"
          },
          {
            "id" : "150011",
            "name" : "莱芜"
          },
          {
            "id" : "150012",
            "name" : "临沂"
          },
          {
            "id" : "150013",
            "name" : "德州"
          },
          {
            "id" : "150014",
            "name" : "聊城"
          },
          {
            "id" : "150015",
            "name" : "滨州"
          },
          {
            "id" : "150016",
            "name" : "菏泽"
          }
        ],
        "name" : "山东"
      },
      {
        "id" : "1600",
        "list" : [
          {
            "id" : "160000",
            "name" : "郑州"
          },
          {
            "id" : "160001",
            "name" : "开封"
          },
          {
            "id" : "160002",
            "name" : "洛阳"
          },
          {
            "id" : "160003",
            "name" : "平顶山"
          },
          {
            "id" : "160004",
            "name" : "焦作"
          },
          {
            "id" : "160005",
            "name" : "鹤壁"
          },
          {
            "id" : "160006",
            "name" : "新乡"
          },
          {
            "id" : "160007",
            "name" : "安阳"
          },
          {
            "id" : "160008",
            "name" : "濮阳"
          },
          {
            "id" : "160009",
            "name" : "许昌"
          },
          {
            "id" : "160010",
            "name" : "漯河"
          },
          {
            "id" : "160011",
            "name" : "三门峡"
          },
          {
            "id" : "160012",
            "name" : "南阳"
          },
          {
            "id" : "160013",
            "name" : "商丘"
          },
          {
            "id" : "160014",
            "name" : "信阳"
          },
          {
            "id" : "160015",
            "name" : "周口"
          },
          {
            "id" : "160016",
            "name" : "驻马店"
          }
        ],
        "name" : "河南"
      },
      {
        "id" : "1700",
        "list" : [
          {
            "id" : "170000",
            "name" : "武汉"
          },
          {
            "id" : "170001",
            "name" : "黄石"
          },
          {
            "id" : "170002",
            "name" : "襄樊"
          },
          {
            "id" : "170003",
            "name" : "十堰"
          },
          {
            "id" : "170004",
            "name" : "荆州"
          },
          {
            "id" : "170005",
            "name" : "宜昌"
          },
          {
            "id" : "170006",
            "name" : "荆门"
          },
          {
            "id" : "170007",
            "name" : "鄂州"
          },
          {
            "id" : "170008",
            "name" : "孝感"
          },
          {
            "id" : "170009",
            "name" : "黄冈"
          },
          {
            "id" : "170010",
            "name" : "咸宁"
          },
          {
            "id" : "170011",
            "name" : "随州"
          },
          {
            "id" : "170012",
            "name" : "恩施"
          }
        ],
        "name" : "湖北"
      },
      {
        "id" : "1800",
        "list" : [
          {
            "id" : "180000",
            "name" : "长沙"
          },
          {
            "id" : "180001",
            "name" : "株洲"
          },
          {
            "id" : "180002",
            "name" : "湘潭"
          },
          {
            "id" : "180003",
            "name" : "衡阳"
          },
          {
            "id" : "180004",
            "name" : "邵阳"
          },
          {
            "id" : "180005",
            "name" : "岳阳"
          },
          {
            "id" : "180006",
            "name" : "常德"
          },
          {
            "id" : "180007",
            "name" : "张家界"
          },
          {
            "id" : "180008",
            "name" : "益阳"
          },
          {
            "id" : "180009",
            "name" : "郴州"
          },
          {
            "id" : "180010",
            "name" : "永州"
          },
          {
            "id" : "180011",
            "name" : "怀化"
          },
          {
            "id" : "180012",
            "name" : "娄底"
          },
          {
            "id" : "180013",
            "name" : "湘西"
          }
        ],
        "name" : "湖南"
      },
      {
        "id" : "1900",
        "list" : [
          {
            "id" : "190000",
            "name" : "广州"
          },
          {
            "id" : "190001",
            "name" : "深圳"
          },
          {
            "id" : "190002",
            "name" : "珠海"
          },
          {
            "id" : "190003",
            "name" : "汕头"
          },
          {
            "id" : "190004",
            "name" : "韶关"
          },
          {
            "id" : "190005",
            "name" : "佛山"
          },
          {
            "id" : "190006",
            "name" : "江门"
          },
          {
            "id" : "190007",
            "name" : "湛江"
          },
          {
            "id" : "190008",
            "name" : "茂名"
          },
          {
            "id" : "190009",
            "name" : "肇庆"
          },
          {
            "id" : "190010",
            "name" : "惠州"
          },
          {
            "id" : "190011",
            "name" : "梅州"
          },
          {
            "id" : "190012",
            "name" : "汕尾"
          },
          {
            "id" : "190013",
            "name" : "河源"
          },
          {
            "id" : "190014",
            "name" : "阳江"
          },
          {
            "id" : "190015",
            "name" : "清远"
          },
          {
            "id" : "190016",
            "name" : "东莞"
          },
          {
            "id" : "190017",
            "name" : "中山"
          },
          {
            "id" : "190018",
            "name" : "潮州"
          },
          {
            "id" : "190019",
            "name" : "揭阳"
          },
          {
            "id" : "190020",
            "name" : "云浮"
          }
        ],
        "name" : "广东"
      },
      {
        "id" : "2000",
        "list" : [
          {
            "id" : "200000",
            "name" : "南宁"
          },
          {
            "id" : "200001",
            "name" : "柳州"
          },
          {
            "id" : "200002",
            "name" : "桂林"
          },
          {
            "id" : "200003",
            "name" : "梧州"
          },
          {
            "id" : "200004",
            "name" : "北海"
          },
          {
            "id" : "200005",
            "name" : "防城港"
          },
          {
            "id" : "200006",
            "name" : "钦州"
          },
          {
            "id" : "200007",
            "name" : "贵港"
          },
          {
            "id" : "200008",
            "name" : "玉林"
          },
          {
            "id" : "200009",
            "name" : "百色"
          },
          {
            "id" : "200010",
            "name" : "贺州"
          },
          {
            "id" : "200011",
            "name" : "河池"
          },
          {
            "id" : "200012",
            "name" : "来宾"
          },
          {
            "id" : "200013",
            "name" : "崇左"
          }
        ],
        "name" : "广西"
      },
      {
        "id" : "2100",
        "list" : [
          {
            "id" : "210000",
            "name" : "海口"
          },
          {
            "id" : "210001",
            "name" : "三亚"
          }
        ],
        "name" : "海南"
      },
      {
        "id" : "2200",
        "list" : [
          {
            "id" : "220000",
            "name" : "成都"
          },
          {
            "id" : "220001",
            "name" : "自贡"
          },
          {
            "id" : "220002",
            "name" : "攀枝花"
          },
          {
            "id" : "220003",
            "name" : "泸州"
          },
          {
            "id" : "220004",
            "name" : "德阳"
          },
          {
            "id" : "220005",
            "name" : "绵阳"
          },
          {
            "id" : "220006",
            "name" : "广元"
          },
          {
            "id" : "220007",
            "name" : "遂宁"
          },
          {
            "id" : "220008",
            "name" : "内江"
          },
          {
            "id" : "220009",
            "name" : "乐山"
          },
          {
            "id" : "220010",
            "name" : "南充"
          },
          {
            "id" : "220011",
            "name" : "宜宾"
          },
          {
            "id" : "220012",
            "name" : "广安"
          },
          {
            "id" : "220013",
            "name" : "达州"
          },
          {
            "id" : "220014",
            "name" : "眉山"
          },
          {
            "id" : "220015",
            "name" : "雅安"
          },
          {
            "id" : "220016",
            "name" : "巴中"
          },
          {
            "id" : "220017",
            "name" : "资阳"
          },
          {
            "id" : "220018",
            "name" : "阿坝"
          },
          {
            "id" : "220019",
            "name" : "甘孜"
          },
          {
            "id" : "220020",
            "name" : "凉山"
          }
        ],
        "name" : "四川"
      },
      {
        "id" : "230",
        "list" : [
          {
            "id" : "23000",
            "name" : "东城区"
          },
          {
            "id" : "23001",
            "name" : "西城区"
          },
          {
            "id" : "23002",
            "name" : "海淀区"
          },
          {
            "id" : "23003",
            "name" : "朝阳区"
          },
          {
            "id" : "23004",
            "name" : "丰台区"
          },
          {
            "id" : "23005",
            "name" : "石景山区"
          },
          {
            "id" : "23006",
            "name" : "通州区"
          },
          {
            "id" : "23007",
            "name" : "顺义区"
          },
          {
            "id" : "23008",
            "name" : "房山区"
          },
          {
            "id" : "23009",
            "name" : "大兴区"
          },
          {
            "id" : "23010",
            "name" : "昌平区"
          },
          {
            "id" : "23011",
            "name" : "怀柔区"
          },
          {
            "id" : "23012",
            "name" : "平谷区"
          },
          {
            "id" : "23013",
            "name" : "门头沟区"
          }
        ],
        "name" : "北京"
      },
      {
        "id" : "2300",
        "list" : [
          {
            "id" : "230000",
            "name" : "贵阳"
          },
          {
            "id" : "230001",
            "name" : "六盘水"
          },
          {
            "id" : "230002",
            "name" : "遵义"
          },
          {
            "id" : "230003",
            "name" : "安顺"
          },
          {
            "id" : "230004",
            "name" : "铜仁"
          },
          {
            "id" : "230005",
            "name" : "毕节"
          },
          {
            "id" : "230006",
            "name" : "黔西南"
          },
          {
            "id" : "230007",
            "name" : "黔东南"
          },
          {
            "id" : "230008",
            "name" : "黔南"
          }
        ],
        "name" : "贵州"
      },
      {
        "id" : "240",
        "list" : [
          {
            "id" : "24001",
            "name" : "黄浦区"
          },
          {
            "id" : "24002",
            "name" : "卢湾区"
          },
          {
            "id" : "24003",
            "name" : "徐汇区"
          },
          {
            "id" : "24004",
            "name" : "长宁区"
          },
          {
            "id" : "24005",
            "name" : "静安区"
          },
          {
            "id" : "24006",
            "name" : "普陀区"
          },
          {
            "id" : "24007",
            "name" : "闸北区"
          },
          {
            "id" : "24008",
            "name" : "虹口区"
          },
          {
            "id" : "24009",
            "name" : "杨浦区"
          },
          {
            "id" : "24010",
            "name" : "浦东新区"
          },
          {
            "id" : "24011",
            "name" : "青浦区"
          },
          {
            "id" : "24012",
            "name" : "奉贤区"
          },
          {
            "id" : "24013",
            "name" : "宝山区"
          },
          {
            "id" : "24014",
            "name" : "闵行区"
          },
          {
            "id" : "24015",
            "name" : "嘉定区"
          },
          {
            "id" : "24016",
            "name" : "松江区"
          },
          {
            "id" : "24017",
            "name" : "金山区"
          },
          {
            "id" : "24018",
            "name" : "崇明县"
          }
        ],
        "name" : "上海"
      },
      {
        "id" : "2400",
        "list" : [
          {
            "id" : "240000",
            "name" : "昆明"
          },
          {
            "id" : "240001",
            "name" : "曲靖"
          },
          {
            "id" : "240002",
            "name" : "玉溪"
          },
          {
            "id" : "240003",
            "name" : "保山"
          },
          {
            "id" : "240004",
            "name" : "昭通"
          },
          {
            "id" : "240005",
            "name" : "丽江"
          },
          {
            "id" : "240006",
            "name" : "普洱"
          },
          {
            "id" : "240007",
            "name" : "临沧"
          },
          {
            "id" : "240008",
            "name" : "文山"
          },
          {
            "id" : "240009",
            "name" : "红河"
          },
          {
            "id" : "240010",
            "name" : "西双版纳"
          },
          {
            "id" : "240011",
            "name" : "楚雄"
          },
          {
            "id" : "240012",
            "name" : "大理"
          },
          {
            "id" : "240013",
            "name" : "德宏"
          },
          {
            "id" : "240014",
            "name" : "怒江"
          },
          {
            "id" : "240015",
            "name" : "迪庆"
          }
        ],
        "name" : "云南"
      },
      {
        "id" : "250",
        "list" : [
          {
            "id" : "25000",
            "name" : "和平区"
          },
          {
            "id" : "25001",
            "name" : "河东区"
          },
          {
            "id" : "25002",
            "name" : "河西区"
          },
          {
            "id" : "25003",
            "name" : "南开区"
          },
          {
            "id" : "25004",
            "name" : "河北区"
          },
          {
            "id" : "25005",
            "name" : "红桥区"
          },
          {
            "id" : "25006",
            "name" : "塘沽区"
          },
          {
            "id" : "25007",
            "name" : "汉沽区"
          },
          {
            "id" : "25008",
            "name" : "大港区"
          },
          {
            "id" : "25009",
            "name" : "东丽区"
          },
          {
            "id" : "25010",
            "name" : "西青区"
          },
          {
            "id" : "25011",
            "name" : "津南区"
          },
          {
            "id" : "25012",
            "name" : "北辰区"
          },
          {
            "id" : "25013",
            "name" : "武清区"
          },
          {
            "id" : "25014",
            "name" : "宝坻区"
          },
          {
            "id" : "25015",
            "name" : "蓟县"
          },
          {
            "id" : "25016",
            "name" : "宁河县"
          },
          {
            "id" : "25017",
            "name" : "静海县"
          }
        ],
        "name" : "天津"
      },
      {
        "id" : "2500",
        "list" : [
          {
            "id" : "250000",
            "name" : "拉萨"
          },
          {
            "id" : "250001",
            "name" : "昌都"
          },
          {
            "id" : "250002",
            "name" : "山南"
          },
          {
            "id" : "250003",
            "name" : "日喀则"
          },
          {
            "id" : "250004",
            "name" : "那曲"
          },
          {
            "id" : "250005",
            "name" : "阿里"
          },
          {
            "id" : "250006",
            "name" : "林芝"
          }
        ],
        "name" : "西藏"
      },
      {
        "id" : "2600",
        "list" : [
          {
            "id" : "260000",
            "name" : "西安"
          },
          {
            "id" : "260001",
            "name" : "铜川"
          },
          {
            "id" : "260002",
            "name" : "宝鸡"
          },
          {
            "id" : "260003",
            "name" : "咸阳"
          },
          {
            "id" : "260004",
            "name" : "渭南"
          },
          {
            "id" : "260005",
            "name" : "延安"
          },
          {
            "id" : "260006",
            "name" : "汉中"
          },
          {
            "id" : "260007",
            "name" : "榆林"
          },
          {
            "id" : "260008",
            "name" : "安康"
          },
          {
            "id" : "260009",
            "name" : "商洛"
          }
        ],
        "name" : "陕西"
      },
      {
        "id" : "2700",
        "list" : [
          {
            "id" : "270000",
            "name" : "兰州"
          },
          {
            "id" : "270001",
            "name" : "嘉峪关"
          },
          {
            "id" : "270002",
            "name" : "金昌"
          },
          {
            "id" : "270003",
            "name" : "白银"
          },
          {
            "id" : "270004",
            "name" : "天水"
          },
          {
            "id" : "270005",
            "name" : "武威"
          },
          {
            "id" : "270006",
            "name" : "张掖"
          },
          {
            "id" : "270007",
            "name" : "平凉"
          },
          {
            "id" : "270008",
            "name" : "酒泉"
          },
          {
            "id" : "270009",
            "name" : "庆阳"
          },
          {
            "id" : "270010",
            "name" : "定西"
          },
          {
            "id" : "270011",
            "name" : "陇南"
          },
          {
            "id" : "270012",
            "name" : "临夏"
          },
          {
            "id" : "270013",
            "name" : "甘南"
          }
        ],
        "name" : "甘肃"
      },
      {
        "id" : "2800",
        "list" : [
          {
            "id" : "280000",
            "name" : "西宁"
          },
          {
            "id" : "280001",
            "name" : "海东"
          },
          {
            "id" : "280002",
            "name" : "海北"
          },
          {
            "id" : "280003",
            "name" : "黄南"
          },
          {
            "id" : "280004",
            "name" : "海南"
          },
          {
            "id" : "280005",
            "name" : "果洛"
          },
          {
            "id" : "280006",
            "name" : "玉树"
          },
          {
            "id" : "280007",
            "name" : "海西"
          }
        ],
        "name" : "青海"
      },
      {
        "id" : "2900",
        "list" : [
          {
            "id" : "290000",
            "name" : "银川"
          },
          {
            "id" : "290001",
            "name" : "石嘴山"
          },
          {
            "id" : "290002",
            "name" : "吴忠"
          },
          {
            "id" : "290003",
            "name" : "固原"
          },
          {
            "id" : "290004",
            "name" : "中卫"
          }
        ],
        "name" : "宁夏"
      },
      {
        "id" : "300",
        "list" : [
          {
            "id" : "30000",
            "name" : "渝中区"
          },
          {
            "id" : "30001",
            "name" : "江北区"
          },
          {
            "id" : "30002",
            "name" : "南岸区"
          },
          {
            "id" : "30003",
            "name" : "沙坪坝区"
          },
          {
            "id" : "30004",
            "name" : "九龙坡区"
          },
          {
            "id" : "30005",
            "name" : "大渡口区"
          },
          {
            "id" : "30006",
            "name" : "渝北区"
          },
          {
            "id" : "30007",
            "name" : "巴南区"
          },
          {
            "id" : "30008",
            "name" : "北碚区.永川区"
          },
          {
            "id" : "30009",
            "name" : "涪陵区"
          },
          {
            "id" : "30010",
            "name" : "长寿区"
          },
          {
            "id" : "30011",
            "name" : "江津区"
          },
          {
            "id" : "30012",
            "name" : "合川区"
          },
          {
            "id" : "30013",
            "name" : "双桥区"
          },
          {
            "id" : "30014",
            "name" : "万盛区"
          },
          {
            "id" : "30015",
            "name" : "南川区"
          },
          {
            "id" : "30016",
            "name" : "荣昌县"
          },
          {
            "id" : "30017",
            "name" : "大足县"
          },
          {
            "id" : "30018",
            "name" : "璧山县"
          },
          {
            "id" : "30019",
            "name" : "铜梁县"
          },
          {
            "id" : "30020",
            "name" : "潼南县"
          },
          {
            "id" : "30021",
            "name" : "綦江县"
          },
          {
            "id" : "30022",
            "name" : "万州区"
          },
          {
            "id" : "30023",
            "name" : "开县"
          },
          {
            "id" : "30024",
            "name" : "云阳县"
          },
          {
            "id" : "30025",
            "name" : "梁平县"
          },
          {
            "id" : "30026",
            "name" : "垫江县"
          },
          {
            "id" : "30027",
            "name" : "忠县"
          },
          {
            "id" : "30028",
            "name" : "丰都县"
          },
          {
            "id" : "30029",
            "name" : "奉节县"
          },
          {
            "id" : "30030",
            "name" : "巫山县"
          },
          {
            "id" : "30031",
            "name" : "巫溪县"
          },
          {
            "id" : "30032",
            "name" : "城口县"
          },
          {
            "id" : "30033",
            "name" : "黔江区"
          },
          {
            "id" : "30034",
            "name" : "武隆县"
          },
          {
            "id" : "30035",
            "name" : "石柱县"
          },
          {
            "id" : "30036",
            "name" : "秀山县"
          },
          {
            "id" : "30037",
            "name" : "酉阳县"
          },
          {
            "id" : "30038",
            "name" : "彭水县"
          }
        ],
        "name" : "重庆"
      },
      {
        "id" : "3000",
        "list" : [
          {
            "id" : "300000",
            "name" : "乌鲁木齐"
          },
          {
            "id" : "300001",
            "name" : "克拉玛依"
          },
          {
            "id" : "300002",
            "name" : "吐鲁番"
          },
          {
            "id" : "300003",
            "name" : "哈密"
          },
          {
            "id" : "300004",
            "name" : "和田"
          },
          {
            "id" : "300005",
            "name" : "阿克苏"
          },
          {
            "id" : "300006",
            "name" : "喀什"
          },
          {
            "id" : "300007",
            "name" : "克孜勒苏柯尔克孜"
          },
          {
            "id" : "300008",
            "name" : "巴音郭楞蒙古"
          },
          {
            "id" : "300009",
            "name" : "昌吉"
          },
          {
            "id" : "300010",
            "name" : "博尔塔拉蒙古"
          },
          {
            "id" : "300011",
            "name" : "伊犁"
          },
          {
            "id" : "300012",
            "name" : "塔城"
          },
          {
            "id" : "300013",
            "name" : "哈萨克"
          },
          {
            "id" : "300014",
            "name" : "阿勒泰"
          }
        ],
        "name" : "新疆"
      },
      {
        "id" : "3100",
        "list" : [
          {
            "id" : "310000",
            "name" : "中西区"
          },
          {
            "id" : "310001",
            "name" : "东区"
          },
          {
            "id" : "310002",
            "name" : "离岛区"
          },
          {
            "id" : "310003",
            "name" : "九龙城区"
          },
          {
            "id" : "310004",
            "name" : "葵青区"
          },
          {
            "id" : "310005",
            "name" : "观塘区"
          },
          {
            "id" : "310006",
            "name" : "北区"
          },
          {
            "id" : "310007",
            "name" : "西贡区"
          },
          {
            "id" : "310008",
            "name" : "沙田区"
          },
          {
            "id" : "310009",
            "name" : "深水埗区"
          },
          {
            "id" : "310010",
            "name" : "南区"
          },
          {
            "id" : "310011",
            "name" : "大埔区"
          },
          {
            "id" : "310012",
            "name" : "荃湾区"
          },
          {
            "id" : "310013",
            "name" : "屯门区"
          },
          {
            "id" : "310014",
            "name" : "湾仔区"
          },
          {
            "id" : "310015",
            "name" : "黄大仙区"
          },
          {
            "id" : "310016",
            "name" : "油尖旺区"
          },
          {
            "id" : "310017",
            "name" : "元朗区"
          }
        ],
        "name" : "香港"
      },
      {
        "id" : "3200",
        "list" : [
          {
            "id" : "320000",
            "name" : "花地玛堂区"
          },
          {
            "id" : "320001",
            "name" : "圣安多尼堂区"
          },
          {
            "id" : "320002",
            "name" : "大堂区"
          },
          {
            "id" : "320003",
            "name" : "望德堂区"
          },
          {
            "id" : "320004",
            "name" : "风顺堂区"
          },
          {
            "id" : "320005",
            "name" : "氹仔"
          },
          {
            "id" : "320006",
            "name" : "路环"
          }
        ],
        "name" : "澳门"
      },
      {
        "id" : "3300",
        "list" : [
          {
            "id" : "330000",
            "name" : "台北"
          },
          {
            "id" : "330001",
            "name" : "高雄"
          },
          {
            "id" : "330002",
            "name" : "基隆"
          },
          {
            "id" : "330003",
            "name" : "台中"
          },
          {
            "id" : "330004",
            "name" : "台南"
          },
          {
            "id" : "330005",
            "name" : "新竹"
          },
          {
            "id" : "330006",
            "name" : "嘉义"
          }
        ],
        "name" : "台湾"
      },
      {
        "id" : "400",
        "list" : [
          {
            "id" : "40000",
            "name" : "石家庄"
          },
          {
            "id" : "40001",
            "name" : "唐山"
          },
          {
            "id" : "40002",
            "name" : "秦皇岛"
          },
          {
            "id" : "40003",
            "name" : "邯郸"
          },
          {
            "id" : "40004",
            "name" : "邢台"
          },
          {
            "id" : "40005",
            "name" : "保定"
          },
          {
            "id" : "40006",
            "name" : "张家口"
          },
          {
            "id" : "40007",
            "name" : "承德"
          },
          {
            "id" : "40008",
            "name" : "沧州"
          },
          {
            "id" : "40009",
            "name" : "廊坊"
          },
          {
            "id" : "40010",
            "name" : "衡水"
          }
        ],
        "name" : "河北"
      },
      {
        "id" : "500",
        "list" : [
          {
            "id" : "50000",
            "name" : "太原"
          },
          {
            "id" : "50001",
            "name" : "大同"
          },
          {
            "id" : "50002",
            "name" : "阳泉"
          },
          {
            "id" : "50003",
            "name" : "长治"
          },
          {
            "id" : "50004",
            "name" : "晋城"
          },
          {
            "id" : "50005",
            "name" : "朔州"
          },
          {
            "id" : "50006",
            "name" : "晋中"
          },
          {
            "id" : "50007",
            "name" : "运城"
          },
          {
            "id" : "50008",
            "name" : "忻州"
          },
          {
            "id" : "50009",
            "name" : "临汾"
          },
          {
            "id" : "50010",
            "name" : "吕梁"
          }
        ],
        "name" : "山西"
      },
      {
        "id" : "600",
        "list" : [
          {
            "id" : "60000",
            "name" : "呼和浩特"
          },
          {
            "id" : "60001",
            "name" : "包头"
          },
          {
            "id" : "60002",
            "name" : "乌海"
          },
          {
            "id" : "60003",
            "name" : "赤峰"
          },
          {
            "id" : "60004",
            "name" : "通辽"
          },
          {
            "id" : "60005",
            "name" : "鄂尔多斯"
          },
          {
            "id" : "60006",
            "name" : "呼伦贝尔"
          },
          {
            "id" : "60007",
            "name" : "巴彦淖尔"
          },
          {
            "id" : "60008",
            "name" : "乌兰察布"
          },
          {
            "id" : "60009",
            "name" : "兴安"
          },
          {
            "id" : "60010",
            "name" : "锡林郭勒"
          },
          {
            "id" : "60011",
            "name" : "阿拉善"
          }
        ],
        "name" : "内蒙古"
      },
      {
        "id" : "700",
        "list" : [
          {
            "id" : "70000",
            "name" : "沈阳"
          },
          {
            "id" : "70001",
            "name" : "大连"
          },
          {
            "id" : "70002",
            "name" : "鞍山"
          },
          {
            "id" : "70003",
            "name" : "抚顺"
          },
          {
            "id" : "70004",
            "name" : "本溪"
          },
          {
            "id" : "70005",
            "name" : "丹东"
          },
          {
            "id" : "70006",
            "name" : "锦州"
          },
          {
            "id" : "70007",
            "name" : "营口"
          },
          {
            "id" : "70008",
            "name" : "阜新"
          },
          {
            "id" : "70009",
            "name" : "辽阳"
          },
          {
            "id" : "70010",
            "name" : "盘锦"
          },
          {
            "id" : "70011",
            "name" : "铁岭"
          },
          {
            "id" : "70012",
            "name" : "朝阳"
          },
          {
            "id" : "70013",
            "name" : "葫芦岛"
          }
        ],
        "name" : "辽宁"
      },
      {
        "id" : "800",
        "list" : [
          {
            "id" : "80000",
            "name" : "长春"
          },
          {
            "id" : "80001",
            "name" : "吉林"
          },
          {
            "id" : "80002",
            "name" : "四平"
          },
          {
            "id" : "80003",
            "name" : "辽源"
          },
          {
            "id" : "80004",
            "name" : "通化"
          },
          {
            "id" : "80005",
            "name" : "白山"
          },
          {
            "id" : "80006",
            "name" : "松原"
          },
          {
            "id" : "80007",
            "name" : "白城"
          },
          {
            "id" : "80008",
            "name" : "延边"
          }
        ],
        "name" : "吉林"
      },
      {
        "id" : "900",
        "list" : [
          {
            "id" : "90000",
            "name" : "哈尔滨"
          },
          {
            "id" : "90001",
            "name" : "齐齐哈尔"
          },
          {
            "id" : "90002",
            "name" : "鸡西"
          },
          {
            "id" : "90003",
            "name" : "鹤岗"
          },
          {
            "id" : "90004",
            "name" : "双鸭山"
          },
          {
            "id" : "90005",
            "name" : "大庆"
          },
          {
            "id" : "90006",
            "name" : "伊春"
          },
          {
            "id" : "90007",
            "name" : "佳木斯"
          },
          {
            "id" : "90008",
            "name" : "七台河"
          },
          {
            "id" : "90009",
            "name" : "牡丹江"
          },
          {
            "id" : "90010",
            "name" : "黑河"
          },
          {
            "id" : "90011",
            "name" : "绥化"
          },
          {
            "id" : "90012",
            "name" : "大兴安岭"
          }
        ],
        "name" : "黑龙江"
      }
    ]
  },
  "msg" : "操作成功"
}